Namn,E-post,Funktionsvariation,Lösenord
Anna,Anna123@gmail.com,Rullstol
Anna12,Anna12@gmail.com,Rullstol
hejeh12,hurfke@gmail.com,Elrullstol
123,123,Rullator
ffdd,djmfjtj,Rullstol
1233e,4rfrg,Rullstol
1234,1234@gmail.com,Rullstol
1234,13efrr,Rullstol
jjfrfvn,dsjfjfhgrf,Rullator
decfe,frfr,Rullstol
1234,frvft,Rullstol
Anna,aannnn1223,Rullstol,hehehj12
1234,123,Rullstol,frg
12rfrgf,123,Rullstol,frg34456
Emma,Emma123@gmail.com,Rullstol,Hejhej123
Anna,Anna@gmail.com,Elrullstol
petra23,frrkk,Rullstol
dejfr,kvfkekvng,Rullstol
jfrjjfnr,emkdvk,Rullstol
ftggb,bhbhb,Rullstol
vgmvm m,vmfkvmf,Rullstol
fmmrmf,smm f vmf,Rullstol
vmfvkcv,dvmf,Rullstol
vgbggb, bgb,Rullstol
vfvv,bgbg,Rullstol
fvvfv,gbbg,Rullstol
vfv , bb bb,Rullstol
fvm ,bgbg,Rullstol
hghghgv,ghghg,Rullstol
lina,lina@gmail.com,Elrullstol,hejdå12
anna,anna@gmail.com,Rullstol,Hejhej12
